id,username
2,skittleNotReal
2,skittleNotReal
2,skittleNotReal
2,skittleNotReal
2,skittleNotReal
2,skittleNotReal
2,skittleNotReal
2,skittleNotReal
2,skittleNotReal
2,skittleNotReal
2,skittleNotReal
2,skittleNotReal
2,skittleNotReal
2,skittleNotReal
1,skittle
2,skittleNotReal
2,skittleNotReal
2,skittleNotReal
2,skittleNotReal
2,skittleNotReal
2,skittleNotReal
2,skittleNotReal
2,skittleNotReal
2,skittleNotReal
2,skittleNotReal
2,skittleNotReal
2,skittleNotReal
2,skittleNotReal
2,skittleNotReal
2,skittleNotReal
2,skittleNotReal
2,skittleNotReal
2,skittleNotReal
2,skittleNotReal
2,skittleNotReal
2,skittleNotReal
2,skittleNotReal
2,skittleNotReal
2,skittleNotReal
2,skittleNotReal
2,skittleNotReal
2,skittleNotReal
2,skittleNotReal
2,skittleNotReal
2,skittleNotReal
2,skittleNotReal
2,skittleNotReal
2,skittleNotReal
2,skittleNotReal
2,skittleNotReal
2,skittleNotReal
2,skittleNotReal
2,skittleNotReal
2,skittleNotReal
2,skittleNotReal
2,skittleNotReal
2,skittleNotReal
2,skittleNotReal
2,skittleNotReal
2,skittleNotReal
2,skittleNotReal
2,skittleNotReal
2,skittleNotReal
2,skittleNotReal
2,skittleNotReal
2,skittleNotReal
2,skittleNotReal
2,skittleNotReal
2,skittleNotReal
2,skittleNotReal
2,skittleNotReal
2,skittleNotReal
2,skittleNotReal
2,skittleNotReal
