postid,author,text,day
3,skittle,NICE ITS WORK,29/6/2025 - 1:16
3,skittle,HEHEHE,29/6/2025 - 1:16
2,skittle,and also test,29/6/2025 - 1:17
2,skittle,and also test,29/6/2025 - 1:17
4,skittle,xd,29/6/2025 - 1:22
4,skittle,i can comment,29/6/2025 - 1:27
3,skittle,"new comment
",29/6/2025 - 1:27
4,skittlenotMain,nice its also worked,29/6/2025 - 1:28
5,skittle,its worked :D,29/6/2025 - 11:30
6,skittleNotReal,yebat its worked,29/6/2025 - 14:21
6,skittle,yeeeah ,29/6/2025 - 14:22
7,skittle,hello,29/6/2025 - 14:31
8,skittleNotReal,yeah,29/6/2025 - 14:40
7,skittleNotReal,NEW,29/6/2025 - 14:40
8,skittle,congratulations ,29/6/2025 - 14:41
9,skittle,commentariy,29/6/2025 - 21:44
